<?xml version="1.0" encoding="utf-8"?>
<extension type="template" client="site" method="upgrade">
	<name>wbc_blanco_j4</name>
	<version>2.0.12</version>
	<creationDate>Juni 2024</creationDate>
	<author>Viviana Menzel / Claudia Oerter</author>
	<authorEmail>info@das-webconcept.de</authorEmail>
	<copyright>(C) 2024 das webconcept GbR</copyright>
	<inheritable>1</inheritable>

	<description><![CDATA[
		<h1>Blanco Template Joomla 4/5</h1>
		<p><img src="../media/templates/site/wbc_blanco_j4/images/template_preview.png" /></p>
		<p>Stand: November / 2021 </p>
		<h2>Module Positionen:</h2>
		<ol>
		<li>logo                 -- Logo</li>
		<li>logo-mobil           -- Logo Mobil </li>
		<li>header-top-01        -- Header 1. Position oberer Rand</li>
		<li>header-top-02        -- Header 2. Position unterer Rand</li>
		<li>top-01               -- 1. Position oben</li>
		<li>top-02               -- 2. Position oben</li>
		<li>breadcrumb           -- Navigationspfad</li>
		<li>bg-01                -- Hintergrundbild</li>
		<li>NavLeft              -- linke Spalte Unternavigation </li>
		<li>left-01              -- linke Spalte 1.Position </li>
		<li>right-01             -- rechte Spalte 2.Position</li>
		<li>left-01              -- linke Spalte 1.Position </li>
		<li>right-02             -- rechte Spalte 2.Position</li>
		<li>footer-top           -- Fusszeile 1. Zeile 100% Breite</li>
		<li>footer               -- Fusszeile 2. Zeile 100% Breite oder mit Wrapper</li>
		<li>footer-bottom        -- Fusszeile unterer Rand 100% Breite</li>
		<li>navMain              -- Hauptnavigation</li>
		<li>headerimg            -- Headerbild</li>
		<li>headerimg-overlay    -- Box absolut positioniert über dem Headerbild</li>
		<li>vorInhalt-01         -- Vor Joomla Content</li>
		<li>vorInhalt-01-col     -- Module mehrspaltig vor Contentbereich</li>
		<li>nachInhalt-01-col    -- Module mehrspaltig nach Contentbereich</li>
		<li>nachInhalt-02        -- nach Joomla Content unterhalb Sidebars</li>
		<li>onepagetop           -- Onepage Position vor Joomla Content</li>
		<li>onepagebottom        -- Onepage Position nach Joomla Content</li>
		<li>offcanvas            -- Offcanvas Mobil Menü</li>
		<li>offcanvas-after      -- Offcanvas nach Menü</li>
		<li>offcanvas-navbar     -- Offcanvas Navbar</li>
		<li>sidebar-left-fix     -- Menü Module / Icons links fixiert, Menü Layout icon </li>
		<li>sidebar-right-fix    -- Menü Module / Icons rechts fixiert, Menü Layout icon </li>
		<li>sidebar-left-toggle  -- Module links fixiert und zum aufklappen</li>
		<li>sidebar-right-toggle  -- Module rechts fixiert und zum aufklappen</li>
		<li>debug</li>
		<li>fixed-footer-mobil   -- unten fixiert phone</li>
		</ol>
		<p>Basis Template Joomla 4 created by:  <a href="https://www.das-webconcept.de" target="_blank">Claudia Oerter| www.das-webconcept.de </a></p>
		<p> Stand November 2021</p>
	]]>
	</description>

	<updateservers>
		<server type="extension" name="webconcept Template Joomla4">https://raw.githubusercontent.com/coweb01/wbc_blanco_j4/main/update.xml</server>
	</updateservers>
	<files>
		<filename>component.php</filename>
		<filename>favicon.ico</filename>
		<filename>error.php</filename>
		<filename>index.php</filename>
		<filename>joomla.asset.json</filename>
		<filename>templateDetails.xml</filename>
		<folder>html</folder>
		<folder>includes</folder>
		<folder>libraries</folder>
	</files>
	<media destination="templates/site/wbc_blanco_j4" folder="media">
		<folder>css</folder>
		<folder>fonts</folder>
		<folder>images</folder>
		<folder>js</folder>
		<folder>scss</folder>
	</media>

	<languages folder="language">
		<language tag="de-DE">de-DE/tpl_wbc_blanco_j4.ini</language>
		<language tag="de-DE">de-DE/tpl_wbc_blanco_j4.sys.ini</language>
		<language tag="en-GB">en-GB/tpl_wbc_blanco_j4.ini</language>
		<language tag="en-GB">en-GB/tpl_wbc_blanco_j4.sys.ini</language>
	</languages>

	<positions>
		<position>header-top-01</position>
		<position>header-top-02</position>
		<position>top-01</position>
		<position>top-02</position>
		<position>logo</position>
		<position>logo-mobil</position>
		<position>footer-top</position>
		<position>footer</position>
		<position>footer-bottom</position>
		<position>navMain</position>
		<position>breadcrumb</position>
		<position>headerimg</position>
		<position>headerimg-overlay</position>
		<position>bg-01</position>
		<position>vorInhalt-01</position>
		<position>vorInhalt-01-col</position>
		<position>nachInhalt-01-col</position>
		<position>nachInhalt-02</position>
		<position>content-pos-right</position>
		<position>onepagetop</position>
		<position>onepagebottom</position>
		<position>nav-sidebar-left</position>
		<position>left-01</position>
		<position>left-02</position>
		<position>nav-sidebar-right</position>
		<position>right-01</position>
		<position>right-02</position>
		<position>content-right</position>
		<position>sidebar-left-fix</position>
		<position>sidebar-right-fix</position>
		<position>sidebar-left-toggle</position>
		<position>sidebar-right-toggle</position>
		<position>offcanvas</position>
		<position>offcanvas-after</position>
		<position>offcanvas-navbar</position>
		<position>suche</position>
		<position>debug</position>
		<position>fixed-footer-mobil</position>
	</positions>

	<config>
		<fields name="params">
			<fieldset name="advanced">
				<!-- Flexicontent eingebunden -->
				<field
					name="flexicontent"
					type="radio"
					layout="joomla.form.field.radio.buttons"
					class="btn-group btn-group-yesno"
					default="0"
					label="TPL_WBC_BLANCO_J4_FIELD_FLEXICONTENT_LABEL"
					description="TPL_WBC_BLANCO_J4_FIELD_FLEXICONTENT_DESC"
					>
					<option value="0">JNO</option>
					<option value="1">JYES</option>
				</field>

				<field
					name="iconfixedleft"
					type="text"
					default="fa fa-bars"
					tooltip="Add fontawesome icon classes or image urls."
				/>

				<field
					name="toggleleft"
					type="radio"
					layout="joomla.form.field.radio.buttons"
					class="btn-group btn-group-yesno"
					default="0"
					label="TPL_WBC_BLANCO_J4_PARAMETER_TOGGLELEFT_LABEL"
					description="TPL_WBC_BLANCO_J4_PARAMETER_TOGGLELEFT_DESC"
					>
					<option value="0">JNO</option>
					<option value="1">JYES</option>
				</field>

				<field
					name="iconfixedright"
					type="text"
					default="fa fa-bars"
					tooltip="Add fontawesome icon classes or image urls."
				/>

				<field
					name="toggleright"
					type="radio"
					layout="joomla.form.field.radio.buttons"
					class="btn-group btn-group-yesno"
					default="0"
					label="TPL_WBC_BLANCO_J4_PARAMETER_TOGGLERIGHT_LABEL"
					description="TPL_WBC_BLANCO_J4_PARAMETER_TOGGLERIGHT_DESC"
					>
					<option value="0">JNO</option>
					<option value="1">JYES</option>
				</field>

				<!--  Fehlerseite 404  -->
				<field
					name="errorsite"
					type="menuitem"
					default="45"
					label="TPL_WBC_BLANCO_J4_FIELD_ERROR_SITE_LABEL"
					description="TPL_WBC_BLANCO_J4_FIELD_ERROR_SITE_DESC"
				/>

				<!--  suchen Seite  -->
				<field
					name="searchsite"
					type="menuitem"
					default=""
					label="TPL_WBC_BLANCO_J4_FIELD_SEARCH_SITE_LABEL"
					description="TPL_WBC_BLANCO_J4_SEARCH_SITE_DESC"
				/>

				<!-- FONT-AWESOME -->
				<field
					name="fontawesome"
					type="radio"
					layout="joomla.form.field.radio.buttons"
					class="btn-group"
					default="1"
					label="TPL_WBC_BLANCO_J4_PARAMETER_FONTAWESOME_LABEL"
					description="TPL_WBC_BLANCO_J4_PARAMETER_FONTAWESOME_DESC"
					>
					<option value="0">JNO</option>
					<option value="1">JYES</option>
				</field>

				<!-- custom css -->
				<field
					name="customcss"
					type="text"
					default=""
					label="TPL_WBC_BLANCO_J4_FIELD_CUSTOMCSS_LABEL"
					description="TPL_WBC_BLANCO_J4_FIELD_CUSTOMCSS_DESC"
					size="30"
				/>
			</fieldset>

			<fieldset name="colors">
				<field
					name="notedefault"
					type="note"
					label="TPL_WBC_BLANCO_J4_DEFAULT_COLORS"
				/>
				<field
					name="color1"
					type="color"
					default="#ffffff"
					label="TPL_WBC_BLANCO_J4_COLOR1_LABEL"
					description="TPL_WBC_BLANCO_J4_COLOR1_DESC"
				/>
				<field
					name="color2"
					type="color"
					default="#ffffff"
					label="TPL_WBC_BLANCO_J4_COLOR2_LABEL"
					description="TPL_WBC_BLANCO_J4_COLOR2_DESC"
				/>
				<field
					name="color3"
					type="color"
					default="#ffffff"
					label="TPL_WBC_BLANCO_J4_COLOR3_LABEL"
					description="TPL_WBC_BLANCO_J4_COLOR3_DESC"
				/>
				<field
					name="color4"
					type="color"
					default="#ffffff"
					label="TPL_WBC_BLANCO_J4_COLOR4_LABEL"
					description="TPL_WBC_BLANCO_J4_COLOR3_DESC"
				/>
				<field
					name="color5"
					type="color"
					default="#ffffff"
					label="TPL_WBC_BLANCO_J4_COLOR5_LABEL"
					description="TPL_WBC_BLANCO_J4_COLOR3_DESC"
				/>
				<field
					name="backgroundcolor"
					type="color"
					default="#ffffff"
					label="TPL_WBC_BLANCO_J4_BACKGROUND_COLOR_LABEL"
					description="TPL_WBC_BLANCO_J4_BACKGROUND_COLOR_DESC"
				/>

				<field
					name="backgroundcolormain"
					type="color"
					default="#ffffff"
					label="TPL_WBC_BLANCO_J4_BACKGROUND_MAIN_COLOR_LABEL"
					description="TPL_WBC_BLANCO_J4_BACKGROUND_MAIN_COLOR_DESC"
				/>

				<field
					name="defaultcolor"
					type="color"
					default="#333333"
					label="TPL_WBC_BLANCO_J4_DEFAULT_COLOR_LABEL"
					description="TPL_WBC_BLANCO_J4_DEFAULT_COLOR_DESC"
				/>

				<field
					name="linkcolor"
					type="color"
					default="#333333"
					label="TPL_WBC_BLANCO_J4_LINKS_COLOR_LABEL"
					description="TPL_WBC_BLANCO_J4_LINKS_COLOR_DESC"
				/>

				<field
					name="linkHovercolor"
					type="color"
					default="#333333"
					label="TPL_WBC_BLANCO_J4_LINKSHOVER_COLOR_LABEL"
					description="TPL_WBC_BLANCO_J4_LINKSHOVER_COLOR_DESC"
				/>

				<field
					name="h1_color"
					type="color"
					default="#336600"
					label="TPL_WBC_BLANCO_J4_H1_COLOR_LABEL"
					description="TPL_WBC_BLANCO_J4_H1_COLOR_DESC"
				/>

				<field
					name="h2_color"
					type="color"
					default="#333333"
					label="TPL_WBC_BLANCO_J4_H2_COLOR_LABEL"
					description="TPL_WBC_BLANCO_J4_H2_COLOR_DESC"
				/>

				<field
					name="h3_color"
					type="color"
					default="#333333"
					label="TPL_WBC_BLANCO_J4_H3_COLOR_LABEL"
					description="TPL_WBC_BLANCO_J4_H3_COLOR_DESC"
				/>

				<field
					name="h4_color"
					type="color"
					default="#333333"
					label="TPL_WBC_BLANCO_J4_H4_COLOR_LABEL"
					description="TPL_WBC_BLANCO_J4_H4_COLOR_DESC"
				/>

				<field
					name="notedefaultsize"
					type="note"
					label="TPL_WBC_BLANCO_J4_DEFAULT_SIZES"
				/>

				<field
					name="defaultfontsize"
					type="number"
					default="1.1"
					label="TPL_WBC_BLANCO_J4_DEFAULT_FONTSIZE_LABEL"
					description="TPL_WBC_BLANCO_J4_DEFAULT_FONTSIZE_DESC"
				/>

				<field
					name="h1_size"
					type="number"
					default="2.8"
					label="TPL_WBC_BLANCO_J4_H1_SIZE_LABEL"
					description="TPL_WBC_BLANCO_J4_H1_SIZE_DESC"
				/>

				<field
					name="h2_size"
					type="number"
					default="2.6"
					label="TPL_WBC_BLANCO_J4_H2_SIZE_LABEL"
					description="TPL_WBC_BLANCO_J4_H2_SIZE_DESC"
				/>

				<field
					name="h3_size"
					type="number"
					default="1.7"
					label="TPL_WBC_BLANCO_J4_H3_SIZE_LABEL"
					description="TPL_WBC_BLANCO_J4_H3_SIZE_DESC"
				/>

				<field
					name="h4_size"
					type="number"
					default="1.3"
					label="TPL_WBC_BLANCO_J4_H4_SIZE_LABEL"
					description="TPL_WBC_BLANCO_J4_H4_SIZE_DESC"
				/>

				<field
					name="notebuttons"
					type="note"
					label="TPL_WBC_BLANCO_J4_BUTTON_COLORS"
				/>

				<field
					name="Linkcolorbtn"
					type="color"
					default="#ffffff"
					label="TPL_WBC_BLANCO_J4_LINK_BTN_COLOR_LABEL"
					description="TPL_WBC_BLANCO_J4_LINK_BTN_COLOR_DESC"
				/>

				<field
					name="Linkbgcolorbtn"
					type="color"
					default="#777e8e"
					label="TPL_WBC_BLANCO_J4_LINK_BTN_BGCOLOR_LABEL"
					description="TPL_WBC_BLANCO_J4_LINK_BTN_BGCOLOR_DESC"
				/>

				<field
					name="Hovercolorbtn"
					type="color"
					default="#ffffff"
					label="TPL_WBC_BLANCO_J4_HOVER_BTN_COLOR_LABEL"
					description="TPL_WBC_BLANCO_J4_HOVER_BTN_COLOR_DESC"
				/>

				<field
					name="Hoverbgcolorbtn"
					type="color"
					default="#393e4b"
					label="TPL_WBC_BLANCO_J4_HOVER_BTN_BGCOLOR_LABEL"
					description="TPL_WBC_BLANCO_J4_HOVER_BTN_BGCOLOR_DESC"
				/>

				<field
					name="Activecolorbtn"
					type="color"
					default="#fff"
					label="TPL_WBC_BLANCO_J4_ACTIVE_BTN_COLOR_LABEL"
					description="TPL_WBC_BLANCO_J4_ACTIVE_BTN_COLOR_DESC"
				/>

				<field
					name="Activebgcolorbtn"
					type="color"
					default="#777e8e"
					label="TPL_WBC_BLANCO_J4_ACTIVE_BTN_BGCOLOR_LABEL"
					description="TPL_WBC_BLANCO_J4_ACTIVE_BTN_BGCOLOR_DESC"
				/>

				<field
					name="notenavbar"
					type="note"
					label="TPL_WBC_BLANCO_J4_NAVBAR_COLORS"
					description="TPL_WBC_BLANCO_J4_NAVBAR_COLORS_DESCRIPTION"
				/>

				<field
					name="bgnavbarcolor"
					type="color"
					format="rgba"
					default="rgba(255, 255, 255, 1)"
					label="TPL_WBC_BLANCO_J4_NAVBAR_BGCOLOR_LABEL"
					description="TPL_WBC_BLANCO_J4_NAVBAR_BGCOLOR_DESC"
				/>


				<field
					name="colornavbar"
					type="color"
					default="#333333"
					label="TPL_WBC_BLANCO_J4_NAVBAR_COLOR_LABEL"
					description="TPL_WBC_BLANCO_J4_NAVBAR_COLOR_DESC"
				/>

				<field
					name="Linkcolornavbar"
					type="color"
					default="#333333"
					label="TPL_WBC_BLANCO_J4_LINK_NAVBAR_COLOR_LABEL"
					description="TPL_WBC_BLANCO_J4_LINK_NAVBAR_COLOR_DESC"
				/>

				<field
					name="Hovercolornavbar"
					type="color"
					default="#333333"
					label="TPL_WBC_BLANCO_J4_HOVER_NAVBAR_COLOR_LABEL"
					description="TPL_WBC_BLANCO_J4_HOVER_NAVBAR_COLOR_DESC"
				/>

				<field
					name="Activecolornavbar"
					type="color"
					default="#333333"
					label="TPL_WBC_BLANCO_J4_ACTIVE_NAVBAR_COLOR_LABEL"
					description="TPL_WBC_BLANCO_J4_ACTIVE_NAVBAR_COLOR_DESC"
				/>

				<field
					name="notefooter"
					type="note"
					label="TPL_WBC_BLANCO_J4_FOOTER_COLORS"
				/>

				<field
					name="bgfootercolor"
					type="color"
					default="#d7dae2"
					label="TPL_WBC_BLANCO_J4_FOOTER_BG_LABEL"
					description="TPL_WBC_BLANCO_J4_FOOTER_BG_DESC"
				/>

				<field
					name="Colorfooter"
					type="color"
					default="#333333"
					label="TPL_WBC_BLANCO_J4_FOOTER_COLOR_LABEL"
					description="TPL_WBC_BLANCO_J4_FOOTER_COLOR_DESC"
				/>

				<field
					name="Linkcolorfooter"
					type="color"
					default="#333333"
					label="TPL_WBC_BLANCO_J4_LINK_FOOTER_COLOR_LABEL"
					description="TPL_WBC_BLANCO_J4_LINK_FOOTER_COLOR_DESC"
				/>

				<field
					name="Hovercolorfooter"
					type="color"
					default="#333333"
					label="TPL_WBC_BLANCO_J4_HOVER_FOOTER_COLOR_LABEL"
					description="TPL_WBC_BLANCO_J4_HOVER_FOOTER_COLOR_DESC"
				/>

				<field
					name="Activecolorfooter"
					type="color"
					default="#333333"
					label="TPL_WBC_BLANCO_J4_ACTIVE_FOOTER_COLOR_LABEL"
					description="TPL_WBC_BLANCO_J4_ACTIVE_FOOTER_COLOR_DESC"
				/>

				<field
					name="notefooterbottom"
					type="note"
					label="TPL_WBC_BLANCO_J4_FOOTERBOTTOM_COLORS"
				/>

				<field
					name="bgfootercolorB"
					type="color"
					default="#333333"
					label="TPL_WBC_BLANCO_J4_FOOTERBOTTOM_BG_LABEL"
					description="TPL_WBC_BLANCO_J4_FOOTERBOTTOM_BG_DESC"
				/>

				<field
					name="ColorfooterB"
					type="color"
					default="#ffffff"
					label="TPL_WBC_BLANCO_J4_FOOTERBOTTOM_COLOR_LABEL"
					description="TPL_WBC_BLANCO_J4_FOOTERBOTTOM_COLOR_DESC"
				/>

				<field
					name="LinkcolorfooterB"
					type="color"
					default="#ffffff"
					label="TPL_WBC_BLANCO_J4_LINK_FOOTERBOTTOM_COLOR_LABEL"
					description="TPL_WBC_BLANCO_J4_LINK_FOOTERBOTTOM_COLOR_DESC"
				/>

				<field
					name="HovercolorfooterB"
					type="color"
					default="#ffffff"
					label="TPL_WBC_BLANCO_J4_FOOTERBOTTOM_HOVER_COLOR_LABEL"
					description="TPL_WBC_BLANCO_J4_FOOTERBOTTOM_HOVER_COLOR_DESC"
				/>

				<field
					name="ActivecolorfooterB"
					type="color"
					default="#ffffff"
					label="TPL_WBC_BLANCO_J4_FOOTERBOTTOM_ACTIVE_COLOR_LABEL"
					description="TPL_WBC_BLANCO_J4_FOOTERBOTTOM_ACTIVE_COLOR_DESC"
				/>

				<field
					name="notefooterphone"
					type="note"
					label="TPL_WBC_BLANCO_J4_FOOTERPHONE_COLORS"
				/>

				<field
					name="bgfootercolorfix"
					type="color"
					default="#d7dae2"
					label="TPL_WBC_BLANCO_J4_FOOTERFIX_BG_LABEL"
					description="TPL_WBC_BLANCO_J4_FOOTERFIX_BG_DESC"
				/>

				<field
					name="Linkcolorfooterfix"
					type="color"
					default="#ffffff"
					label="TPL_WBC_BLANCO_J4_LINK_FOOTERBOTTOM_COLOR_LABEL"
					description="TPL_WBC_BLANCO_J4_LINK_FOOTERBOTTOM_COLOR_DESC"
				/>

				<field
					name="Hovercolorfooterfix"
					type="color"
					default="#ffffff"
					label="TPL_WBC_BLANCO_J4_FOOTERBOTTOM_HOVER_COLOR_LABEL"
					description="TPL_WBC_BLANCO_J4_FOOTERBOTTOM_HOVER_COLOR_DESC"
				/>

				<field
					name="Activecolorfooterfix"
					type="color"
					default="#ffffff"
					label="TPL_WBC_BLANCO_J4_FOOTERBOTTOM_ACTIVE_COLOR_LABEL"
					description="TPL_WBC_BLANCO_J4_FOOTERBOTTOM_ACTIVE_COLOR_DESC"
				/>

			</fieldset>

			<fieldset name="layout">
				<field
					name="bodyclass"
					class=""
					type="text"
					default="default"
					label="TPL_WBC_BLANCO_J4_FIELD_BODYCLASS_LABEL"
					description="TPL_WBC_BLANCO_J4_FIELD_BODYCLASS_DESC"
				/>

				<!-- Hintergrundbild austauschbar -->
				<field
					name="image-body-select"
					type="radio"
					layout="joomla.form.field.radio.buttons"
					class="btn-group btn-group-yesno"
					default="0"
					label="TPL_WBC_BLANCO_J4_IMAGE_BODY_SELECT_LABEL"
					description="TPL_WBC_BLANCO_J4_IMAGE_BODY_SELECT_DESC"
					>
					<option value="0">JNO</option>
					<option value="1">JYES</option>
				</field>

				<field
					name="image-body"
					type="media"
					label="TPL_WBC_BLANCO_J4_FIELD_IMAGE_BODY_LABEL"
					description="TPL_WBC_BLANCO_J4_FIELD_IMAGE_BODY_DESC"
					default=""
				/>

				<field
					name="logo"
					type="media"
					label="TPL_WBC_BLANCO_J4_FIELD_LOGO_LABEL"
					description="TPL_WBC_BLANCO_J4_FIELD_LOGO_DESC"
					default=""
				/>

				<field
					name="logo_mobil"
					type="media"
					label="TPL_WBC_BLANCO_J4_FIELD_LOGO_MOBIL_LABEL"
					description="TPL_WBC_BLANCO_J4_FIELD_LOGO_MOBIL_DESC"
					default=""
				/>

				<field
					name="sitetitle"
					type="text"
					default=""
					label="TPL_WBC_BLANCO_J4_SITETITLE_LABEL"
					description="TPL_WBC_BLANCO_J4_SITETITLE_DESC"
					filter="string"
				/>

				<field
					name="logoposition"
					type="radio"
					layout="joomla.form.field.radio.buttons"
					class="btn-group"
					default="1"
					label="TPL_WBC_BLANCO_J4_FIELD_LOGOPOS_LABEL"
					description="TPL_WBC_BLANCO_J4_FIELD_LOGOPOS_DESC"
					>
					<option value="1">TPL_WBC_BLANCO_J4_FIELD_LOGOPOS_DEFAULT</option>
					<option value="2">TPL_WBC_BLANCO_J4_FIELD_LOGOPOS_TOP</option>
					<option value="3">TPL_WBC_BLANCO_J4_FIELD_LOGOPOS_AFTER</option>
				</field>

				<!-- Headerbild austauschbar -->
				<field
					name="headerimg-select"
					type="radio"
					default="1"
					layout="joomla.form.field.radio.buttons"
					class="btn-group btn-group-yesno"
					label="TPL_WBC_BLANCO_J4_HEADERIMG_SELECT_LABEL"
					description="TPL_WBC_BLANCO_J4_HEADERIMG_SELECT_DESC"
					>
					<option value="0">JNO</option>
					<option value="1">JYES</option>
				</field>

				<!-- Headerbild austauschbar -->
				<field
					name="headerimg-width"
					type="radio"
					default="1"
					layout="joomla.form.field.radio.buttons"
					class="btn-group"
					label="TPL_WBC_BLANCO_J4_HEADERIMG_WIDTH_LABEL"
					description="TPL_WBC_BLANCO_J4_HEADERIMG_WIDTH_DESC"
					>
					<option value="1">TPL_WBC_BLANCO_J4_FIELD_HEADERIMG_WIDTH_STRETCH</option>
					<option value="2">TPL_WBC_BLANCO_J4_FIELD_HEADERIMG_WIDTH_CENTER</option>
				</field>

				<field
					name="headerimg"
					type="media"
					label="TPL_WBC_BLANCO_J4_FIELD_HEADERIMAGE_LABEL"
					description="TPL_WBC_BLANCO_J4_FIELD_HEADERIMAGE_DESC"

				/>

				<field
					name="bg-headerimg"
					type="media"
					label="TPL_WBC_BLANCO_J4_FIELD_BG_HEADERIMAGE_LABEL"
					description="TPL_WBC_BLANCO_J4_FIELD_BG_HEADERIMAGE_DESC"
				/>

				<field
					name="fixedheader"
					type="radio"
					layout="joomla.form.field.radio.buttons"
					class="btn-group btn-group-yesno"
					default="1"
					label="TPL_WBC_BLANCO_J4_BOOTSTRAP_AFFIX_LABEL"
					description="TPL_WBC_BLANCO_J4_BOOTSTRAP_AFFIX_DESC"
					>
					<option value="0">JNO</option>
					<option value="1">JYES</option>
				</field>

				<!-- SHOWONFRONTPAGE -->
				<field
					name="hidecontentwrapper"
					type="radio"
					layout="joomla.form.field.radio.buttons"
					class="btn-group btn-group-yesno"
					default="0"
					label="TPL_WBC_BLANCO_J4_PARAMETER_HIDECONTENTWRAPPER_LABEL"
					description="TPL_WBC_BLANCO_J4_PARAMETER_HIDECONTENTWRAPPER_DESC"
					>
					<option value="0">JNO</option>
					<option value="1">JYES</option>
				</field>

				<field
					name="myspacer"
					type="note"
					label="TPL_WBC_BLANCO_J4_FIELD_SPACER_SIDEBARS_LABEL"
				/>

				<field
					name="colsidebarleft"
					type="radio"
					layout="joomla.form.field.radio.buttons"
					class="btn-group"
					default="3"
					label="TPL_WBC_BLANCO_J4_FIELD_COLSIDEBARLEFT_LABEL"
					description="TPL_WBC_BLANCO_J4_FIELD_COLSIDEBARLEFT_DESC"
					>
					<option value="2">TPL_WBC_BLANCO_J4_FIELD_BOOTSTRAPCOL2</option>
					<option value="3">TPL_WBC_BLANCO_J4_FIELD_BOOTSTRAPCOL3</option>
					<option value="4">TPL_WBC_BLANCO_J4_FIELD_BOOTSTRAPCOL4</option>
					<option value="5">TPL_WBC_BLANCO_J4_FIELD_BOOTSTRAPCOL5</option>
					<option value="6">TPL_WBC_BLANCO_J4_FIELD_BOOTSTRAPCOL6</option>
				</field>

				<field
					name="colsidebarleft_sm"
					type="radio"
					layout="joomla.form.field.radio.buttons"
					class="btn-group"
					default="4"
					label="TPL_WBC_BLANCO_J4_FIELD_COLSIDEBARLEFT_TABLET_LABEL"
					description="TPL_WBC_BLANCO_J4_FIELD_COLSIDEBARLEFT_DESC"
					>
					<option value="2">TPL_WBC_BLANCO_J4_FIELD_BOOTSTRAPCOL2</option>
					<option value="3">TPL_WBC_BLANCO_J4_FIELD_BOOTSTRAPCOL3</option>
					<option value="4">TPL_WBC_BLANCO_J4_FIELD_BOOTSTRAPCOL4</option>
					<option value="5">TPL_WBC_BLANCO_J4_FIELD_BOOTSTRAPCOL5</option>
					<option value="6">TPL_WBC_BLANCO_J4_FIELD_BOOTSTRAPCOL6</option>
					<option value="12">TPL_WBC_BLANCO_J4_FIELD_BOOTSTRAPCOL12</option>
				</field>

				<field
					name="colsidebarright"
					type="radio"
					layout="joomla.form.field.radio.buttons"
					class="btn-group"
					default="3"
					label="TPL_WBC_BLANCO_J4_FIELD_COLSIDEBARRIGHT_LABEL"
					description="TPL_WBC_BLANCO_J4_FIELD_COLSIDEBARRIGHT_DESC"
					>
					<option value="2">TPL_WBC_BLANCO_J4_FIELD_BOOTSTRAPCOL2</option>
					<option value="3">TPL_WBC_BLANCO_J4_FIELD_BOOTSTRAPCOL3</option>
					<option value="4">TPL_WBC_BLANCO_J4_FIELD_BOOTSTRAPCOL4</option>
					<option value="5">TPL_WBC_BLANCO_J4_FIELD_BOOTSTRAPCOL5</option>
					<option value="6">TPL_WBC_BLANCO_J4_FIELD_BOOTSTRAPCOL6</option>
				</field>

				<field
					name="colsidebarright_sm"
					type="radio"
					layout="joomla.form.field.radio.buttons"
					class="btn-group"
					default="4"
					label="TPL_WBC_BLANCO_J4_FIELD_COLSIDEBARRIGHT_TABLET_LABEL"
					description="TPL_WBC_BLANCO_J4_FIELD_COLSIDEBARRIGHT_DESC"
					>
					<option value="2">TPL_WBC_BLANCO_J4_FIELD_BOOTSTRAPCOL2</option>
					<option value="3">TPL_WBC_BLANCO_J4_FIELD_BOOTSTRAPCOL3</option>
					<option value="4">TPL_WBC_BLANCO_J4_FIELD_BOOTSTRAPCOL4</option>
					<option value="5">TPL_WBC_BLANCO_J4_FIELD_BOOTSTRAPCOL5</option>
					<option value="6">TPL_WBC_BLANCO_J4_FIELD_BOOTSTRAPCOL6</option>
					<option value="12">TPL_WBC_BLANCO_J4_FIELD_BOOTSTRAPCOL12</option>
				</field>
				<field
					name="footerwidth"
					type="radio"
					layout="joomla.form.field.radio.buttons"
					class="btn-group"
					default="0"
					label="TPL_WBC_BLANCO_J4_FIELD_FOOTERWIDTH_LABEL"
					description="TPL_WBC_BLANCO_J4_FIELDFOOTERWIDTH_DESC"
					>
					<option value="0">TPL_WBC_BLANCO_J4_FIELD_FOOTERWIDTH_FULL</option>
					<option value="1">TPL_WBC_BLANCO_J4_FIELD_FOOTERWIDTH_WRAPPER</option>

				</field>
				<field
					name="footercols"
					type="radio"
					layout="joomla.form.field.radio.buttons"
					class="btn-group"
					default="4"
					label="TPL_WBC_BLANCO_J4_FIELD_FOOTERCOLS_LABEL"
					description="TPL_WBC_BLANCO_J4_FIELD_FOOTERCOLS_DESC"
					>
					<option value="12">TPL_WBC_BLANCO_J4_FIELD_BOOTSTRAPCOL1</option>
					<option value="2">TPL_WBC_BLANCO_J4_FIELD_BOOTSTRAPCOL2</option>
					<option value="3">TPL_WBC_BLANCO_J4_FIELD_BOOTSTRAPCOL3</option>
					<option value="4">TPL_WBC_BLANCO_J4_FIELD_BOOTSTRAPCOL4</option>
				</field>
			</fieldset>

			<fieldset name="Menue">
				<!-- Position der Hautpnavigation -->
				<field
					name="navmain"
					type="radio"
					layout="joomla.form.field.radio.buttons"
					class="btn-group"
					default="1"
					label="TPL_WBC_BLANCO_J4_FIELD_NAVMAIN_LABEL"
					description="TPL_WBC_BLANCO_J4_FIELD_NAVMAIN_DESC"
					>
					<option value="1">TPL_WBC_BLANCO_J4_FIELD_NAVMAIN_TOP</option>
					<option value="2">TPL_WBC_BLANCO_J4_FIELD_NAVMAIN_DEFAULT</option>
					<option value="3">TPL_WBC_BLANCO_J4_FIELD_NAVMAIN_BOTTOM</option>
				</field>

				<field
					name="navbarheader-width"
					type="radio"
					layout="joomla.form.field.radio.buttons"
					class="btn-group"
					default="1"
					label="TPL_WBC_BLANCO_J4_PARAMETER_NAVBARHEADERWIDTH_LABEL"
					description="TPL_WBC_BLANCO_J4_PARAMETER_NAVBARHEADERWIDTH_DESC"
					>
					<option value="0">CENTER</option>
					<option value="1">FLUID</option>
				</field>

				<field name="note_offcanvas" type="note" label="TPL_WBC_BLANCO_J4_INFO_OFFCANVAS_LABEL" description="TPL_WBC_BLANCO_J4_INFO_OFFCANVAS_DESC" class="alert alert-info" />

				<field
					name="offcanvas_pos"
					type="radio"
					layout="joomla.form.field.radio.buttons"
					class="btn-group"
					default="start"
					label="TPL_WBC_BLANCO_J4_BOOTSTRAP_OFFCANVAS_POS_LABEL"
					description="TPL_WBC_BLANCO_J4_BOOTSTRAP_OFFCANVAS_POS_DESC"
					>
					<option value="start">TPL_WBC_BLANCO_J4_LEFT</option>
					<option value="end">TPL_WBC_BLANCO_J4_RIGHT</option>
				</field>

				<field
					name="toggle_offcanvas_pos"
					type="radio"
					layout="joomla.form.field.radio.buttons"
					class="btn-group"
					default="start"
					label="TPL_WBC_BLANCO_J4_BOOTSTRAP_TOGGLE_OFFCANVAS_POS_LABEL"
					description="TPL_WBC_BLANCO_J4_TOGGLE_BOOTSTRAP_OFFCANVAS_POS_DESC"
					>
					<option value="start">TPL_WBC_BLANCO_J4_LEFT</option>
					<option value="end">TPL_WBC_BLANCO_J4_RIGHT</option>
				</field>

				<field
					name="offcanvas_color"
					type="radio"
					layout="joomla.form.field.radio.buttons"
					class="btn-group"
					default="offcanvas-dark"
					label="TPL_WBC_BLANCO_J4_BOOTSTRAP_OFFCANVAS_COLOR_LABEL"
					>
					<option value="offcanvas-dark">TPL_WBC_BLANCO_J4_BOOTSTRAP_OFFCANVAS_COLOR_DARK</option>
					<option value="offcanvas-light">TPL_WBC_BLANCO_J4_BOOTSTRAP_OFFCANVAS_COLOR_LIGHT</option>
				</field>

				<field
					name="offcanvas_width"
					type="text"
					default="400"
					label="TPL_WBC_BLANCO_J4_OFFCANVASWIDTH_LABEL"
					description="TPL_WBC_BLANCO_J4_OFFCANVASWIDTH_DESC"
					filter="string"
				/>

				<field
					name="offcanvas_navbar_height"
					type="text"
					default="60"
					label="TPL_WBC_BLANCO_J4_OFFCANVAS_NAVBARHEIGHT_LABEL"
					description="TPL_WBC_BLANCO_J4_OFFCANVAS_NAVBARHEIGHT_DESC"
					filter="string"
				/>
				<field
					name="offcanvas_breakpoint"
					type="list"
					default="navbar-expand-lg"
					label="TPL_WBC_BLANCO_J4_OFFCANVASBREAKPOINT_LABEL"
					description="TPL_WBC_BLANCO_J4_OFFCANVASBREAKPOINT_DESC"
					>
					<option value="">TPL_WBC_BLANCO_J4_SELECT</option>
					<option value="navbar-expand-sm">576</option>
					<option value="navbar-expand-md">768</option>
					<option value="navbar-expand-lg">992</option>
					<option value="navbar-expand-xl">1200</option>
					<option value="navbar-expand-xxl">1400</option>
					<option value="noexpand">Immer</option>
				</field>

			</fieldset>

			<fieldset name="formulare">
				<field name="note_formulare" type="note" label="TPL_WBC_BLANCO_J4_INFO_FLOATINGLABELS_LABEL" description="TPL_WBC_BLANCO_J4_INFO_FLOATINGLABELS" class="alert alert-info" />
				<field
					name="floatingLabels"
					type="radio"
					layout="joomla.form.field.radio.buttons"
					class="btn-group btn-group-yesno"
					default="0"
					label="TPL_WBC_BLANCO_J4_PARAMETER_FLOATINGLABELS_LABEL"
					description="TPL_WBC_BLANCO_J4_PARAMETER_FLOATINGLABELS_DESC"
					>
					<option value="0">JNO</option>
					<option value="1">JYES</option>
				</field>
			</fieldset>
		</fields>
	</config>
</extension>
