<?xml version="1.0" encoding="UTF-8"?>
<metadata>
	<layout title="WBC_CATEGORY_VIEW_ACCORDION_TITLE" option="WBC_CATEGORY_VIEW_ACCORDION_OPTION">
		<help key = "Menu_Item:_Category_Blog" />
		<message>
			<![CDATA[WBC_CATEGORY_VIEW_ACCORDION_DESC]]>
		</message>
	</layout>

	<!-- Add fields to the request variables for the layout. -->
	<fields name="request">
		<fieldset name="request"
			addfieldprefix="Joomla\Component\Categories\Administrator\Field"
		>
			<field
				name="id"
				type="modal_category"
				label="JGLOBAL_CHOOSE_CATEGORY_LABEL"
				extension="com_content"
				required="true"
				select="true"
				new="true"
				edit="true"
				clear="true"
			/>

			<field
				name="filter_tag"
				type="tag"
				label="JTAG"
				multiple="true"
				mode="nested"
				custom="deny"
			/>
		</fieldset>
	</fields>

	<!-- Add fields to the parameters object for the layout. -->
	<fields name="params">
		<fieldset name="basic" label="JGLOBAL_CATEGORY_OPTIONS">
				<field
					name="layout_type"
					type="hidden"
					default="blog"
				/>

				<field
					name="show_category_title"
					type="list"
					label="JGLOBAL_SHOW_CATEGORY_TITLE"
					useglobal="true"
					class="form-select-color-state"
					validate="options"
					>
					<option value="0">JHIDE</option>
					<option value="1">JSHOW</option>
				</field>

				<field
					name="show_description"
					type="list"
					label="JGLOBAL_SHOW_CATEGORY_DESCRIPTION_LABEL"
					useglobal="true"
					class="form-select-color-state"
					validate="options"
					>
					<option value="0">JHIDE</option>
					<option value="1">JSHOW</option>
				</field>

				<field
					name="show_description_image"
					type="list"
					label="JGLOBAL_SHOW_CATEGORY_IMAGE_LABEL"
					useglobal="true"
					class="form-select-color-state"
					validate="options"
					>
					<option value="0">JHIDE</option>
					<option value="1">JSHOW</option>
				</field>

				<field
					name="maxLevel"
					type="list"
					label="JGLOBAL_MAXLEVEL_LABEL"
					description="JGLOBAL_MAXLEVEL_DESC"
					useglobal="true"
					validate="options"
					default="0"
					>
					<option value="-1">JALL</option>
					<option value="0">JNONE</option>
					<option value="1">J1</option>
					<option value="2">J2</option>
					<option value="3">J3</option>
					<option value="4">J4</option>
					<option value="5">J5</option>
				</field>

				<field
					name="show_empty_categories"
					type="list"
					label="JGLOBAL_SHOW_EMPTY_CATEGORIES_LABEL"
					useglobal="true"
					class="form-select-color-state"
					validate="options"
					>
					<option value="0">JHIDE</option>
					<option value="1">JSHOW</option>
				</field>

				<field
					name="show_no_articles"
					type="list"
					label="COM_CONTENT_NO_ARTICLES_LABEL"
					useglobal="true"
					class="form-select-color-state"
					validate="options"
					>
					<option value="0">JHIDE</option>
					<option value="1">JSHOW</option>
				</field>

				<field
					name="show_category_heading_title_text"
					type="list"
					label="JGLOBAL_SHOW_SUBCATEGORY_HEADING"
					useglobal="true"
					class="form-select-color-state"
					validate="options"
					>
					<option value="0">JHIDE</option>
					<option value="1">JSHOW</option>
				</field>

				<field
					name="show_subcat_desc"
					type="list"
					label="JGLOBAL_SHOW_SUBCATEGORIES_DESCRIPTION_LABEL"
					useglobal="true"
					class="form-select-color-state"
					validate="options"
					>
					<option value="0">JHIDE</option>
					<option value="1">JSHOW</option>
				</field>

				<field
					name="show_cat_num_articles"
					type="list"
					label="COM_CONTENT_NUMBER_CATEGORY_ITEMS_LABEL"
					useglobal="true"
					class="form-select-color-state"
					validate="options"
					>
					<option value="0">JHIDE</option>
					<option value="1">JSHOW</option>
				</field>

				<field
					name="show_cat_tags"
					type="list"
					label="COM_CONTENT_FIELD_SHOW_CAT_TAGS_LABEL"
					useglobal="true"
					class="form-select-color-state"
					validate="options"
					>
					<option value="0">JHIDE</option>
					<option value="1">JSHOW</option>
				</field>

		</fieldset>

		<fieldset name="advanced" label="JGLOBAL_BLOG_LAYOUT_OPTIONS" description="JGLOBAL_SUBSLIDER_BLOG_LAYOUT_LABEL">

			<field
				name="num_leading_articles"
				type="number"
				label="JGLOBAL_NUM_LEADING_ARTICLES_LABEL"
				filter="integer"
				validate="number"
				min="0"
				useglobal="true"
				parentclass="stack span-1"
			/>

			<field
				name="blog_class_leading"
				type="text"
				label="JGLOBAL_BLOG_CLASS_LEADING"
				parentclass="stack span-2-inline"
				useglobal="true"
				validate="CssIdentifier"
			/>

			<field
				name="collapse_first_item"
				type="radio"
				layout="joomla.form.field.radio.switcher"
				label="WBC_ACCORDION_COLLAPSE_FIRST_ITEM"
				parentclass="stack span-1"
				validate="options"
				default="1"
				>
				<option value="0">JNO</option>
				<option value="1">JYES</option>
			</field>

			<field
				name="num_intro_articles"
				type="number"
				label="JGLOBAL_NUM_INTRO_ARTICLES_LABEL"
				filter="integer"
				validate="number"
				min="0"
				useglobal="true"
				parentclass="stack span-1"
			/>

			<field
				name="blog_class"
				type="text"
				label="JGLOBAL_BLOG_CLASS"
				description="JGLOBAL_BLOG_CLASS_NOTE_DESC"
				parentclass="stack span-2-inline"
				useglobal="true"
				validate="CssIdentifier"
			/>

			<field
				name="num_columns"
				type="number"
				label="JGLOBAL_NUM_COLUMNS_LABEL"
				filter="integer"
				validate="number"
				min="0"
				parentclass="stack span-1-inline"
				useglobal="true"
			/>

			<field
				name="multi_column_order"
				type="list"
				label="JGLOBAL_MULTI_COLUMN_ORDER_LABEL"
				parentclass="stack span-2-inline"
				useglobal="true"
				validate="options"
				>
				<option value="0">JGLOBAL_BLOG_DOWN_OPTION</option>
				<option value="1">JGLOBAL_BLOG_ACROSS_OPTION</option>
			</field>

			<field
				name="num_links"
				type="number"
				label="JGLOBAL_NUM_LINKS_LABEL"
				filter="integer"
				validate="number"
				min="0"
				parentclass="stack span-1"
				useglobal="true"
			/>

			<field
				name="show_featured"
				type="list"
				label="JGLOBAL_SHOW_FEATURED_ARTICLES_LABEL"
				default=""
				useglobal="true"
				class="form-select-color-state"
				validate="options"
				parentclass="stack span-1"
				>
				<option value="show">JSHOW</option>
				<option value="hide">JHIDE</option>
				<option value="only">JONLY</option>
			</field>

			<field
				name="link_intro_image"
				type="list"
				label="JGLOBAL_LINKED_INTRO_IMAGE_LABEL"
				useglobal="true"
				validate="options"
				parentclass="stack span-1-inline"
				>
				<option value="0">JNO</option>
				<option value="1">JYES</option>
			</field>

			<field
				name="show_subcategory_content"
				type="list"
				label="JGLOBAL_SHOW_SUBCATEGORY_CONTENT_LABEL"
				useglobal="true"
				validate="options"
				parentclass="stack span-1-inline"
				>
				<option value="0">JNONE</option>
				<option value="-1">JALL</option>
				<option value="1">J1</option>
				<option value="2">J2</option>
				<option value="3">J3</option>
				<option value="4">J4</option>
				<option value="5">J5</option>
			</field>
			<field
				name="orderby_pri"
				type="list"
				label="JGLOBAL_CATEGORY_ORDER_LABEL"
				useglobal="true"
				validate="options"
				parentclass="stack span-2"
				>
				<option value="none">JGLOBAL_NO_ORDER</option>
				<option value="alpha">JGLOBAL_TITLE_ALPHABETICAL</option>
				<option value="ralpha">JGLOBAL_TITLE_REVERSE_ALPHABETICAL</option>
				<option value="order">JGLOBAL_CATEGORY_MANAGER_ORDER</option>
			</field>

			<field
				name="orderby_sec"
				type="list"
				label="JGLOBAL_ARTICLE_ORDER_LABEL"
				useglobal="true"
				validate="options"
				parentclass="stack span-2-inline"
				>
				<option value="front">COM_CONTENT_FEATURED_ORDER</option>
				<option value="rdate">JGLOBAL_MOST_RECENT_FIRST</option>
				<option value="date">JGLOBAL_OLDEST_FIRST</option>
				<option value="alpha">JGLOBAL_TITLE_ALPHABETICAL</option>
				<option value="ralpha">JGLOBAL_TITLE_REVERSE_ALPHABETICAL</option>
				<option value="author">JGLOBAL_AUTHOR_ALPHABETICAL</option>
				<option value="rauthor">JGLOBAL_AUTHOR_REVERSE_ALPHABETICAL</option>
				<option value="hits" requires="hits">JGLOBAL_MOST_HITS</option>
				<option value="rhits" requires="hits">JGLOBAL_LEAST_HITS</option>
				<option value="random">JGLOBAL_RANDOM_ORDER</option>
				<option value="order">JGLOBAL_ORDERING</option>
				<option	value="rorder">JGLOBAL_REVERSE_ORDERING</option>
				<option value="vote" requires="vote">JGLOBAL_VOTES_DESC</option>
				<option value="rvote" requires="vote">JGLOBAL_VOTES_ASC</option>
				<option value="rank" requires="vote">JGLOBAL_RATINGS_DESC</option>
				<option value="rrank" requires="vote">JGLOBAL_RATINGS_ASC</option>
			</field>

			<field
				name="order_date"
				type="list"
				label="JGLOBAL_ORDERING_DATE_LABEL"
				useglobal="true"
				validate="options"
				parentclass="stack span-2-inline"
				>
				<option value="created">JGLOBAL_CREATED</option>
				<option value="modified">JGLOBAL_MODIFIED</option>
				<option value="published">JPUBLISHED</option>
				<option value="unpublished">JUNPUBLISHED</option>
			</field>

			<field
				name="show_pagination"
				type="list"
				label="JGLOBAL_PAGINATION_LABEL"
				useglobal="true"
				class="form-select-color-state"
				validate="options"
				parentclass="stack span-1"
				>
				<option value="0">JHIDE</option>
				<option value="1">JSHOW</option>
				<option value="2">JGLOBAL_AUTO</option>
			</field>

			<field
				name="show_pagination_results"
				type="list"
				label="JGLOBAL_PAGINATION_RESULTS_LABEL"
				useglobal="true"
				class="form-select-color-state"
				validate="options"
				parentclass="stack span-1-inline"
				>
				<option value="0">JHIDE</option>
				<option value="1">JSHOW</option>
			</field>

		</fieldset>

		<fieldset name="article"
			label="COM_CONTENT_ATTRIBS_FIELDSET_LABEL"
			addfieldprefix="Joomla\Component\Content\Administrator\Field"
		>
			<field
				name="show_customfields"
				type="radio"
				label="WBC_FIELD_SHOW_CUSTOMFIELDS_LABEL"
				default="1"
				filter="integer"
				description="WBC_FIELD_SHOW_CUSTOMFIELDS_DESC"
				>
				<option value="0">JNO</option>
				<option value="1">ALL_FIELDS</option>
				<option value="2">SELECT_FIELDS</option>
			</field>

			<field
				name="select_customfield"
				multiple="multiple"
				type="sql"
				default="10"
				label="WBC_FIELD_SELECT_CUSTOMFIELD_LABEL"
				query="SELECT title, id, context, state, type  FROM #__fields WHERE context LIKE 'com_content.article' AND type LIKE 'subform' AND state = 1"
				key_field="id"
				value_field="title"
				showon="show_customfields:2"
			/>

			<field
				name="article_layout"
				type="componentlayout"
				label="JGLOBAL_FIELD_LAYOUT_LABEL"
				description="JGLOBAL_FIELD_LAYOUT_DESC"
				class="form-select"
				menuitems="true"
				extension="com_content"
				view="article"
			/>

			<field
				name="show_title"
				type="list"
				label="JGLOBAL_SHOW_TITLE_LABEL"
				useglobal="true"
				class="form-select-color-state"
				validate="options"
				>
				<option value="use_article">COM_CONTENT_FIELD_VALUE_USE_ARTICLE_SETTINGS</option>
				<option value="0">JHIDE</option>
				<option value="1">JSHOW</option>
			</field>

			<field
				name="link_titles"
				type="list"
				label="JGLOBAL_LINKED_TITLES_LABEL"
				useglobal="true"
				class="form-select-color-state"
				validate="options"
				>
				<option value="use_article">COM_CONTENT_FIELD_VALUE_USE_ARTICLE_SETTINGS</option>
				<option value="0">JNO</option>
				<option value="1">JYES</option>
			</field>

			<field
				name="show_intro"
				type="list"
				label="JGLOBAL_SHOW_INTRO_LABEL"
				useglobal="true"
				class="form-select-color-state"
				validate="options"
				>
				<option value="use_article">COM_CONTENT_FIELD_VALUE_USE_ARTICLE_SETTINGS</option>
				<option value="0">JHIDE</option>
				<option value="1">JSHOW</option>
			</field>

			<field
				name="info_block_position"
				type="list"
				label="COM_CONTENT_FIELD_INFOBLOCK_POSITION_LABEL"
				default=""
				useglobal="true"
				class="form-select-color-state"
				validate="options"
				>
				<option value="use_article">COM_CONTENT_FIELD_VALUE_USE_ARTICLE_SETTINGS</option>
				<option value="0">COM_CONTENT_FIELD_OPTION_ABOVE</option>
				<option value="1">COM_CONTENT_FIELD_OPTION_BELOW</option>
				<option value="2">COM_CONTENT_FIELD_OPTION_SPLIT</option>
			</field>

			<field
				name="info_block_show_title"
				type="list"
				label="COM_CONTENT_FIELD_INFOBLOCK_TITLE_LABEL"
				useglobal="true"
				class="form-select-color-state"
				validate="options"
				>
				<option value="use_article">COM_CONTENT_FIELD_VALUE_USE_ARTICLE_SETTINGS</option>
				<option	value="0">JHIDE</option>
				<option	value="1">JSHOW</option>
			</field>

			<field
				name="show_category"
				type="list"
				label="JGLOBAL_SHOW_CATEGORY_LABEL"
				useglobal="true"
				class="form-select-color-state"
				validate="options"
				>
				<option value="use_article">COM_CONTENT_FIELD_VALUE_USE_ARTICLE_SETTINGS</option>
				<option value="0">JHIDE</option>
				<option value="1">JSHOW</option>
			</field>

			<field
				name="link_category"
				type="list"
				label="JGLOBAL_LINK_CATEGORY_LABEL"
				useglobal="true"
				class="form-select-color-state"
				validate="options"
				>
				<option value="use_article">COM_CONTENT_FIELD_VALUE_USE_ARTICLE_SETTINGS</option>
				<option value="0">JNO</option>
				<option value="1">JYES</option>
			</field>

			<field
				name="show_parent_category"
				type="list"
				label="JGLOBAL_SHOW_PARENT_CATEGORY_LABEL"
				useglobal="true"
				class="form-select-color-state"
				validate="options"
				>
				<option value="use_article">COM_CONTENT_FIELD_VALUE_USE_ARTICLE_SETTINGS</option>
				<option value="0">JHIDE</option>
				<option value="1">JSHOW</option>
			</field>

			<field
				name="link_parent_category"
				type="list"
				label="JGLOBAL_LINK_PARENT_CATEGORY_LABEL"
				useglobal="true"
				class="form-select-color-state"
				validate="options"
				>
				<option value="use_article">COM_CONTENT_FIELD_VALUE_USE_ARTICLE_SETTINGS</option>
				<option value="0">JNO</option>
				<option value="1">JYES</option>
			</field>

			<field
				name="show_associations"
				type="assoc"
				label="JGLOBAL_SHOW_ASSOCIATIONS_LABEL"
				useglobal="true"
				class="form-select-color-state"
				>
				<option value="use_article">COM_CONTENT_FIELD_VALUE_USE_ARTICLE_SETTINGS</option>
				<option value="0">JHIDE</option>
				<option value="1">JSHOW</option>
			</field>

			<field
				name="show_author"
				type="list"
				label="JGLOBAL_SHOW_AUTHOR_LABEL"
				useglobal="true"
				class="form-select-color-state"
				validate="options"
				>
				<option value="use_article">COM_CONTENT_FIELD_VALUE_USE_ARTICLE_SETTINGS</option>
				<option value="0">JHIDE</option>
				<option value="1">JSHOW</option>
			</field>

			<field
				name="link_author"
				type="list"
				label="JGLOBAL_LINK_AUTHOR_LABEL"
				useglobal="true"
				class="form-select-color-state"
				validate="options"
				>
				<option value="use_article">COM_CONTENT_FIELD_VALUE_USE_ARTICLE_SETTINGS</option>
				<option value="0">JNO</option>
				<option value="1">JYES</option>
			</field>

			<field
				name="show_create_date"
				type="list"
				label="JGLOBAL_SHOW_CREATE_DATE_LABEL"
				useglobal="true"
				class="form-select-color-state"
				validate="options"
				>
				<option value="use_article">COM_CONTENT_FIELD_VALUE_USE_ARTICLE_SETTINGS</option>
				<option value="0">JHIDE</option>
				<option value="1">JSHOW</option>
			</field>

			<field
				name="show_modify_date"
				type="list"
				label="JGLOBAL_SHOW_MODIFY_DATE_LABEL"
				useglobal="true"
				class="form-select-color-state"
				validate="options"
				>
				<option value="use_article">COM_CONTENT_FIELD_VALUE_USE_ARTICLE_SETTINGS</option>
				<option value="0">JHIDE</option>
				<option value="1">JSHOW</option>
			</field>

			<field
				name="show_publish_date"
				type="list"
				label="JGLOBAL_SHOW_PUBLISH_DATE_LABEL"
				useglobal="true"
				class="form-select-color-state"
				validate="options"
				>
				<option value="use_article">COM_CONTENT_FIELD_VALUE_USE_ARTICLE_SETTINGS</option>
				<option value="0">JHIDE</option>
				<option value="1">JSHOW</option>
			</field>

			<field
				name="show_item_navigation"
				type="list"
				label="JGLOBAL_SHOW_NAVIGATION_LABEL"
				useglobal="true"
				class="form-select-color-state"
				validate="options"
				>
				<option value="use_article">COM_CONTENT_FIELD_VALUE_USE_ARTICLE_SETTINGS</option>
				<option value="0">JHIDE</option>
				<option value="1">JSHOW</option>
			</field>

			<field
				name="show_vote"
				type="votelist"
				label="JGLOBAL_SHOW_VOTE_LABEL"
				useglobal="true"
				class="form-select-color-state"
				validate="options"
				>
				<option value="use_article">COM_CONTENT_FIELD_VALUE_USE_ARTICLE_SETTINGS</option>
				<option value="0">JHIDE</option>
				<option	value="1">JSHOW</option>
			</field>

			<field
				name="show_readmore"
				type="list"
				label="JGLOBAL_SHOW_READMORE_LABEL"
				description="JGLOBAL_SHOW_READMORE_DESC"
				useglobal="true"
				class="form-select-color-state"
				validate="options"
				>
				<option value="0">JHIDE</option>
				<option value="1">JSHOW</option>
			</field>

			<field
				name="show_readmore_title"
				type="list"
				label="JGLOBAL_SHOW_READMORE_TITLE_LABEL"
				useglobal="true"
				class="form-select-color-state"
				validate="options"
				>
				<option value="0">JHIDE</option>
				<option value="1">JSHOW</option>
			</field>

			<field
				name="show_hits"
				type="list"
				label="JGLOBAL_SHOW_HITS_LABEL"
				useglobal="true"
				class="form-select-color-state"
				validate="options"
				>
				<option value="use_article">COM_CONTENT_FIELD_VALUE_USE_ARTICLE_SETTINGS</option>
				<option value="0">JHIDE</option>
				<option value="1">JSHOW</option>
			</field>

			<field
				name="show_tags"
				type="list"
				label="COM_CONTENT_FIELD_SHOW_TAGS_LABEL"
				useglobal="true"
				class="form-select-color-state"
				validate="options"
				>
				<option value="use_article">COM_CONTENT_FIELD_VALUE_USE_ARTICLE_SETTINGS</option>
				<option value="0">JHIDE</option>
				<option value="1">JSHOW</option>
			</field>
			
			<field
				name="linked_tags"
				type="radio"
				layout="joomla.form.field.radio.switcher"
				label="TPL_WBC_BLANCO_FIELD_SHOW_LINKED_TAGS_LABEL"
				description="TPL_WBC_BLANCO_FIELD_SHOW_LINKED_TAGS_DESC"
				validate="options"
				default="1"
				>
				<option value="0">JNO</option>
				<option value="1">JYES</option>
			</field>

			<field
				name="show_noauth"
				type="list"
				label="JGLOBAL_SHOW_UNAUTH_LINKS_LABEL"
				description="JGLOBAL_SHOW_UNAUTH_LINKS_DESC"
				useglobal="true"
				class="form-select-color-state"
				validate="options"
				>
				<option value="use_article">COM_CONTENT_FIELD_VALUE_USE_ARTICLE_SETTINGS</option>
				<option value="0">JNO</option>
				<option value="1">JYES</option>
			</field>
		</fieldset>

		<fieldset name="integration" label="COM_MENUS_INTEGRATION_FIELDSET_LABEL">
			<field
				name="show_feed_link"
				type="list"
				label="JGLOBAL_SHOW_FEED_LINK_LABEL"
				useglobal="true"
				class="form-select-color-state"
				validate="options"
				>
				<option value="0">JHIDE</option>
				<option value="1">JSHOW</option>
			</field>

			<field
				name="feed_summary"
				type="list"
				label="JGLOBAL_FEED_SUMMARY_LABEL"
				useglobal="true"
				validate="options"
				>
				<option value="0">JGLOBAL_INTRO_TEXT</option>
				<option value="1">JGLOBAL_FULL_TEXT</option>
			</field>
		</fieldset>
	</fields>
</metadata>
